CREATE TABLE S17118.CENAZAJEC
(
    INSTRUMENT_IDINSTRUMENT NUMBER(*) PRIMARY KEY NOT NULL,
    CENA_ZAJEC NUMBER(*) NOT NULL,
    CONSTRAINT CENAZAJEC_INSTRUMENT FOREIGN KEY (INSTRUMENT_IDINSTRUMENT) REFERENCES S17118.INSTRUMENT (IDINSTRUMENT)
);
INSERT INTO S17118.CENAZAJEC (INSTRUMENT_IDINSTRUMENT, CENA_ZAJEC) VALUES (1, 50);
INSERT INTO S17118.CENAZAJEC (INSTRUMENT_IDINSTRUMENT, CENA_ZAJEC) VALUES (2, 100);
INSERT INTO S17118.CENAZAJEC (INSTRUMENT_IDINSTRUMENT, CENA_ZAJEC) VALUES (3, 50);
INSERT INTO S17118.CENAZAJEC (INSTRUMENT_IDINSTRUMENT, CENA_ZAJEC) VALUES (4, 60);
INSERT INTO S17118.CENAZAJEC (INSTRUMENT_IDINSTRUMENT, CENA_ZAJEC) VALUES (5, 70);
INSERT INTO S17118.CENAZAJEC (INSTRUMENT_IDINSTRUMENT, CENA_ZAJEC) VALUES (6, 100);
CREATE TABLE S17118.INSTRUMENT
(
    IDINSTRUMENT NUMBER(*) PRIMARY KEY NOT NULL,
    NAZWA VARCHAR2(50) NOT NULL
);
INSERT INTO S17118.INSTRUMENT (IDINSTRUMENT, NAZWA) VALUES (1, 'GITARA');
INSERT INTO S17118.INSTRUMENT (IDINSTRUMENT, NAZWA) VALUES (2, 'PERKUSJA');
INSERT INTO S17118.INSTRUMENT (IDINSTRUMENT, NAZWA) VALUES (3, 'BAS');
INSERT INTO S17118.INSTRUMENT (IDINSTRUMENT, NAZWA) VALUES (4, 'PIANINO');
INSERT INTO S17118.INSTRUMENT (IDINSTRUMENT, NAZWA) VALUES (5, 'FLET');
INSERT INTO S17118.INSTRUMENT (IDINSTRUMENT, NAZWA) VALUES (6, 'SKRZYPCE');
CREATE TABLE S17118.NAUCZYCIEL
(
    OSOBA_IDOSOBA NUMBER(*) PRIMARY KEY NOT NULL,
    INSTRUMENT_IDINSTRUMENT NUMBER(*) NOT NULL,
    STOPIENIDSTOPIENNAUKOWY NUMBER(*) NOT NULL,
    CZYDYREKTOR NUMBER(*) NOT NULL,
    CONSTRAINT NAUCZYCIEL_OSOBA FOREIGN KEY (OSOBA_IDOSOBA) REFERENCES S17118.OSOBA (IDOSOBA),
    CONSTRAINT NAUCZYCIEL_INSTRUMENT FOREIGN KEY (INSTRUMENT_IDINSTRUMENT) REFERENCES S17118.INSTRUMENT (IDINSTRUMENT),
    CONSTRAINT NAUCZYCIEL_STOPIENNAUKOWY FOREIGN KEY (STOPIENIDSTOPIENNAUKOWY) REFERENCES S17118.STOPIENNAUKOWY (IDSTOPIENNAUKOWY)
);
INSERT INTO S17118.NAUCZYCIEL (OSOBA_IDOSOBA, INSTRUMENT_IDINSTRUMENT, STOPIENIDSTOPIENNAUKOWY, CZYDYREKTOR) VALUES (10, 1, 1, 1);
INSERT INTO S17118.NAUCZYCIEL (OSOBA_IDOSOBA, INSTRUMENT_IDINSTRUMENT, STOPIENIDSTOPIENNAUKOWY, CZYDYREKTOR) VALUES (11, 2, 2, 0);
INSERT INTO S17118.NAUCZYCIEL (OSOBA_IDOSOBA, INSTRUMENT_IDINSTRUMENT, STOPIENIDSTOPIENNAUKOWY, CZYDYREKTOR) VALUES (12, 3, 3, 0);
INSERT INTO S17118.NAUCZYCIEL (OSOBA_IDOSOBA, INSTRUMENT_IDINSTRUMENT, STOPIENIDSTOPIENNAUKOWY, CZYDYREKTOR) VALUES (13, 4, 1, 0);
INSERT INTO S17118.NAUCZYCIEL (OSOBA_IDOSOBA, INSTRUMENT_IDINSTRUMENT, STOPIENIDSTOPIENNAUKOWY, CZYDYREKTOR) VALUES (14, 5, 2, 0);
INSERT INTO S17118.NAUCZYCIEL (OSOBA_IDOSOBA, INSTRUMENT_IDINSTRUMENT, STOPIENIDSTOPIENNAUKOWY, CZYDYREKTOR) VALUES (15, 6, 3, 0);
CREATE TABLE S17118.OSOBA
(
    IDOSOBA NUMBER(*) PRIMARY KEY NOT NULL,
    IMIE VARCHAR2(50) NOT NULL,
    NAZWISKO VARCHAR2(50) NOT NULL
);
INSERT INTO S17118.OSOBA (IDOSOBA, IMIE, NAZWISKO) VALUES (1, 'Mikolaj', 'Cieslinski');
INSERT INTO S17118.OSOBA (IDOSOBA, IMIE, NAZWISKO) VALUES (2, 'Konrad', 'Ciapala');
INSERT INTO S17118.OSOBA (IDOSOBA, IMIE, NAZWISKO) VALUES (3, 'Maciej', 'Sulikowski');
INSERT INTO S17118.OSOBA (IDOSOBA, IMIE, NAZWISKO) VALUES (4, 'Mikolaj', 'Kostka');
INSERT INTO S17118.OSOBA (IDOSOBA, IMIE, NAZWISKO) VALUES (5, 'Ewa', 'Zielinska');
INSERT INTO S17118.OSOBA (IDOSOBA, IMIE, NAZWISKO) VALUES (6, 'Piotrek', 'Piotrowski');
INSERT INTO S17118.OSOBA (IDOSOBA, IMIE, NAZWISKO) VALUES (7, 'Weronika', 'Juraszek');
INSERT INTO S17118.OSOBA (IDOSOBA, IMIE, NAZWISKO) VALUES (8, 'Sylwia', 'Ciapala');
INSERT INTO S17118.OSOBA (IDOSOBA, IMIE, NAZWISKO) VALUES (9, 'Krzysztof', 'Ciapala');
INSERT INTO S17118.OSOBA (IDOSOBA, IMIE, NAZWISKO) VALUES (10, 'Joanna', 'Juraszek');
INSERT INTO S17118.OSOBA (IDOSOBA, IMIE, NAZWISKO) VALUES (11, 'Mateusz', 'Jacoszek');
INSERT INTO S17118.OSOBA (IDOSOBA, IMIE, NAZWISKO) VALUES (12, 'Ania', 'Radwan');
INSERT INTO S17118.OSOBA (IDOSOBA, IMIE, NAZWISKO) VALUES (13, 'Oskar', 'Lachowicz');
INSERT INTO S17118.OSOBA (IDOSOBA, IMIE, NAZWISKO) VALUES (14, 'Wojtek', 'Kocielski');
INSERT INTO S17118.OSOBA (IDOSOBA, IMIE, NAZWISKO) VALUES (15, 'Aleksandra', 'Kroczak');
CREATE TABLE S17118.SALAMUZYCZNA
(
    IDSALA NUMBER(*) PRIMARY KEY NOT NULL,
    PIETRO VARCHAR2(50) NOT NULL,
    NUMER VARCHAR2(50) NOT NULL
);
INSERT INTO S17118.SALAMUZYCZNA (IDSALA, PIETRO, NUMER) VALUES (1, '0', '15');
INSERT INTO S17118.SALAMUZYCZNA (IDSALA, PIETRO, NUMER) VALUES (2, '0', '16');
INSERT INTO S17118.SALAMUZYCZNA (IDSALA, PIETRO, NUMER) VALUES (3, '0', '24');
INSERT INTO S17118.SALAMUZYCZNA (IDSALA, PIETRO, NUMER) VALUES (4, '1', '54');
INSERT INTO S17118.SALAMUZYCZNA (IDSALA, PIETRO, NUMER) VALUES (5, '1', '55');
INSERT INTO S17118.SALAMUZYCZNA (IDSALA, PIETRO, NUMER) VALUES (6, '2', '100');
CREATE TABLE S17118.STOPIENNAUKOWY
(
    IDSTOPIENNAUKOWY NUMBER(*) PRIMARY KEY NOT NULL,
    STOPIEN VARCHAR2(50) NOT NULL
);
INSERT INTO S17118.STOPIENNAUKOWY (IDSTOPIENNAUKOWY, STOPIEN) VALUES (1, 'DOKTOR');
INSERT INTO S17118.STOPIENNAUKOWY (IDSTOPIENNAUKOWY, STOPIEN) VALUES (2, 'MAGISTER');
INSERT INTO S17118.STOPIENNAUKOWY (IDSTOPIENNAUKOWY, STOPIEN) VALUES (3, 'LICENCJAT');
CREATE TABLE S17118.UCZEN
(
    OSOBA_IDOSOBA NUMBER(*) PRIMARY KEY NOT NULL,
    DATAURODZENIA DATE NOT NULL,
    CONSTRAINT UCZEN_OSOBA FOREIGN KEY (OSOBA_IDOSOBA) REFERENCES S17118.OSOBA (IDOSOBA)
);
INSERT INTO S17118.UCZEN (OSOBA_IDOSOBA, DATAURODZENIA) VALUES (1, TO_DATE('2019-01-26 15:46:57', 'YYYY-MM-DD HH24:MI:SS'));
INSERT INTO S17118.UCZEN (OSOBA_IDOSOBA, DATAURODZENIA) VALUES (2, TO_DATE('2005-08-30 23:47:01', 'YYYY-MM-DD HH24:MI:SS'));
INSERT INTO S17118.UCZEN (OSOBA_IDOSOBA, DATAURODZENIA) VALUES (3, TO_DATE('2009-10-02 15:47:09', 'YYYY-MM-DD HH24:MI:SS'));
INSERT INTO S17118.UCZEN (OSOBA_IDOSOBA, DATAURODZENIA) VALUES (4, TO_DATE('2005-10-09 11:46:11', 'YYYY-MM-DD HH24:MI:SS'));
INSERT INTO S17118.UCZEN (OSOBA_IDOSOBA, DATAURODZENIA) VALUES (5, TO_DATE('2015-09-10 08:47:30', 'YYYY-MM-DD HH24:MI:SS'));
INSERT INTO S17118.UCZEN (OSOBA_IDOSOBA, DATAURODZENIA) VALUES (6, TO_DATE('1990-04-14 03:51:46', 'YYYY-MM-DD HH24:MI:SS'));
INSERT INTO S17118.UCZEN (OSOBA_IDOSOBA, DATAURODZENIA) VALUES (7, TO_DATE('1989-10-04 23:55:07', 'YYYY-MM-DD HH24:MI:SS'));
INSERT INTO S17118.UCZEN (OSOBA_IDOSOBA, DATAURODZENIA) VALUES (8, TO_DATE('1995-11-04 15:48:22', 'YYYY-MM-DD HH24:MI:SS'));
INSERT INTO S17118.UCZEN (OSOBA_IDOSOBA, DATAURODZENIA) VALUES (9, TO_DATE('2004-03-04 19:36:10', 'YYYY-MM-DD HH24:MI:SS'));
CREATE TABLE S17118.WYSPECJALIZOWANIESALI
(
    IDWYSPECJALIZOWANIE NUMBER(*) PRIMARY KEY NOT NULL,
    INSTRUMENT_IDINSTRUMENT NUMBER(*) NOT NULL,
    SALAMUZYCZNA_IDSALA NUMBER(*) NOT NULL,
    CONSTRAINT WYSPECJALIZOWANIE_INSTRUMENT FOREIGN KEY (INSTRUMENT_IDINSTRUMENT) REFERENCES S17118.INSTRUMENT (IDINSTRUMENT),
    CONSTRAINT WYSPECJALIZOWANIE_SALAMUZYCZNA FOREIGN KEY (SALAMUZYCZNA_IDSALA) REFERENCES S17118.SALAMUZYCZNA (IDSALA)
);
INSERT INTO S17118.WYSPECJALIZOWANIESALI (IDWYSPECJALIZOWANIE, INSTRUMENT_IDINSTRUMENT, SALAMUZYCZNA_IDSALA) VALUES (1, 1, 1);
INSERT INTO S17118.WYSPECJALIZOWANIESALI (IDWYSPECJALIZOWANIE, INSTRUMENT_IDINSTRUMENT, SALAMUZYCZNA_IDSALA) VALUES (2, 2, 2);
INSERT INTO S17118.WYSPECJALIZOWANIESALI (IDWYSPECJALIZOWANIE, INSTRUMENT_IDINSTRUMENT, SALAMUZYCZNA_IDSALA) VALUES (3, 3, 3);
INSERT INTO S17118.WYSPECJALIZOWANIESALI (IDWYSPECJALIZOWANIE, INSTRUMENT_IDINSTRUMENT, SALAMUZYCZNA_IDSALA) VALUES (4, 4, 4);
INSERT INTO S17118.WYSPECJALIZOWANIESALI (IDWYSPECJALIZOWANIE, INSTRUMENT_IDINSTRUMENT, SALAMUZYCZNA_IDSALA) VALUES (5, 5, 5);
INSERT INTO S17118.WYSPECJALIZOWANIESALI (IDWYSPECJALIZOWANIE, INSTRUMENT_IDINSTRUMENT, SALAMUZYCZNA_IDSALA) VALUES (6, 6, 6);
CREATE TABLE S17118.ZAJECIA
(
    IDZAJECIA NUMBER(*) PRIMARY KEY NOT NULL,
    DATA DATE NOT NULL,
    GODZINA TIMESTAMP(6) NOT NULL,
    CZASTRWANIA VARCHAR2(50) NOT NULL,
    UCZEN_OSOBA_IDOSOBA NUMBER(*) NOT NULL,
    NAUCZYCIEL_OSOBA_IDOSOBA NUMBER(*) NOT NULL,
    CENA_INSTRUMENT_IDINSTRUMENT NUMBER(*) NOT NULL,
    SALAMUZYCZNA_IDSALA NUMBER(*) NOT NULL,
    CONSTRAINT ZAJECIA_UCZEN FOREIGN KEY (UCZEN_OSOBA_IDOSOBA) REFERENCES S17118.UCZEN (OSOBA_IDOSOBA),
    CONSTRAINT ZAJECIA_NAUCZYCIEL FOREIGN KEY (NAUCZYCIEL_OSOBA_IDOSOBA) REFERENCES S17118.NAUCZYCIEL (OSOBA_IDOSOBA),
    CONSTRAINT ZAJECIA_CENAZAJEC FOREIGN KEY (CENA_INSTRUMENT_IDINSTRUMENT) REFERENCES S17118.CENAZAJEC (INSTRUMENT_IDINSTRUMENT),
    CONSTRAINT ZAJECIA_SALAMUZYCZNA FOREIGN KEY (SALAMUZYCZNA_IDSALA) REFERENCES S17118.SALAMUZYCZNA (IDSALA)
);
INSERT INTO S17118.ZAJECIA (IDZAJECIA, DATA, GODZINA, CZASTRWANIA, UCZEN_OSOBA_IDOSOBA, NAUCZYCIEL_OSOBA_IDOSOBA, CENA_INSTRUMENT_IDINSTRUMENT, SALAMUZYCZNA_IDSALA) VALUES (1, TO_DATE('2019-01-26 16:08:11', 'YYYY-MM-DD HH24:MI:SS'), TO_TIMESTAMP('2019-01-26 16:08:16.625000', 'YYYY-MM-DD HH24:MI:SS.FF6'), '1', 1, 10, 1, 1);
INSERT INTO S17118.ZAJECIA (IDZAJECIA, DATA, GODZINA, CZASTRWANIA, UCZEN_OSOBA_IDOSOBA, NAUCZYCIEL_OSOBA_IDOSOBA, CENA_INSTRUMENT_IDINSTRUMENT, SALAMUZYCZNA_IDSALA) VALUES (2, TO_DATE('2019-01-27 16:09:07', 'YYYY-MM-DD HH24:MI:SS'), TO_TIMESTAMP('2019-01-27 16:09:20.158000', 'YYYY-MM-DD HH24:MI:SS.FF6'), '1', 2, 11, 2, 2);
INSERT INTO S17118.ZAJECIA (IDZAJECIA, DATA, GODZINA, CZASTRWANIA, UCZEN_OSOBA_IDOSOBA, NAUCZYCIEL_OSOBA_IDOSOBA, CENA_INSTRUMENT_IDINSTRUMENT, SALAMUZYCZNA_IDSALA) VALUES (3, TO_DATE('2019-01-26 17:09:35', 'YYYY-MM-DD HH24:MI:SS'), TO_TIMESTAMP('2019-01-26 17:09:37.828000', 'YYYY-MM-DD HH24:MI:SS.FF6'), '2', 3, 12, 3, 3);
INSERT INTO S17118.ZAJECIA (IDZAJECIA, DATA, GODZINA, CZASTRWANIA, UCZEN_OSOBA_IDOSOBA, NAUCZYCIEL_OSOBA_IDOSOBA, CENA_INSTRUMENT_IDINSTRUMENT, SALAMUZYCZNA_IDSALA) VALUES (4, TO_DATE('2019-01-27 15:09:40', 'YYYY-MM-DD HH24:MI:SS'), TO_TIMESTAMP('2019-01-27 15:09:48.314000', 'YYYY-MM-DD HH24:MI:SS.FF6'), '3', 4, 13, 4, 4);
INSERT INTO S17118.ZAJECIA (IDZAJECIA, DATA, GODZINA, CZASTRWANIA, UCZEN_OSOBA_IDOSOBA, NAUCZYCIEL_OSOBA_IDOSOBA, CENA_INSTRUMENT_IDINSTRUMENT, SALAMUZYCZNA_IDSALA) VALUES (5, TO_DATE('2019-01-26 12:10:02', 'YYYY-MM-DD HH24:MI:SS'), TO_TIMESTAMP('2019-01-26 12:10:08.574000', 'YYYY-MM-DD HH24:MI:SS.FF6'), '2', 5, 14, 5, 5);
INSERT INTO S17118.ZAJECIA (IDZAJECIA, DATA, GODZINA, CZASTRWANIA, UCZEN_OSOBA_IDOSOBA, NAUCZYCIEL_OSOBA_IDOSOBA, CENA_INSTRUMENT_IDINSTRUMENT, SALAMUZYCZNA_IDSALA) VALUES (6, TO_DATE('2019-01-28 16:10:17', 'YYYY-MM-DD HH24:MI:SS'), TO_TIMESTAMP('2019-01-28 16:10:25.308000', 'YYYY-MM-DD HH24:MI:SS.FF6'), '1', 6, 15, 6, 6);
INSERT INTO S17118.ZAJECIA (IDZAJECIA, DATA, GODZINA, CZASTRWANIA, UCZEN_OSOBA_IDOSOBA, NAUCZYCIEL_OSOBA_IDOSOBA, CENA_INSTRUMENT_IDINSTRUMENT, SALAMUZYCZNA_IDSALA) VALUES (7, TO_DATE('2019-01-24 16:13:54', 'YYYY-MM-DD HH24:MI:SS'), TO_TIMESTAMP('2019-01-24 16:13:58.121000', 'YYYY-MM-DD HH24:MI:SS.FF6'), '1', 7, 10, 1, 1);
INSERT INTO S17118.ZAJECIA (IDZAJECIA, DATA, GODZINA, CZASTRWANIA, UCZEN_OSOBA_IDOSOBA, NAUCZYCIEL_OSOBA_IDOSOBA, CENA_INSTRUMENT_IDINSTRUMENT, SALAMUZYCZNA_IDSALA) VALUES (8, TO_DATE('2019-01-27 16:15:37', 'YYYY-MM-DD HH24:MI:SS'), TO_TIMESTAMP('2019-01-27 16:15:42.686000', 'YYYY-MM-DD HH24:MI:SS.FF6'), '1', 8, 11, 2, 2);
INSERT INTO S17118.ZAJECIA (IDZAJECIA, DATA, GODZINA, CZASTRWANIA, UCZEN_OSOBA_IDOSOBA, NAUCZYCIEL_OSOBA_IDOSOBA, CENA_INSTRUMENT_IDINSTRUMENT, SALAMUZYCZNA_IDSALA) VALUES (9, TO_DATE('2019-01-26 17:15:47', 'YYYY-MM-DD HH24:MI:SS'), TO_TIMESTAMP('2019-01-26 17:15:58.769000', 'YYYY-MM-DD HH24:MI:SS.FF6'), '2', 9, 12, 3, 3);